{
	"code-block-style": {
		"style": "fenced"
	},
	"code-fence-style": {
		"style": "backtick"
	},
	"emphasis-style": {
		"style": "asterisk"
	},
	"fenced-code-language": {
		"allowed_languages": [
			"ini",
			"json",
			"jsonc",
			"markdown"
		],
		"language_only": true
	},
	"heading-style": {
		"style": "atx"
	},
	"hr-style": {
		"style": "---"
	},
	"line-length": false,
	"link-image-style": {
		"autolink": false,
		"collapsed": false,
		"shortcut": false,
		"url_inline": false
	},
	"no-duplicate-heading": {
		"siblings_only": true
	},
	"ol-prefix": {
		"style": "ordered"
	},
	"proper-names": {
		"code_blocks": false,
		"names": [
			"CommonMark",
			"Ctrl",
			"JavaScript",
			"Markdown",
			"markdown-it",
			"markdownlint",
			"Node.js",
			"Shift",
			"Visual Studio Code"
	]	
	},
	"required-headings": {
		"headings": [
			"# markdownlint",
			"## Introduction",
			"## Install",
			"## Use",
			"## Rules",
			"## Commands",
			"### Fix",
			"### Workspace",
			"### Disable",
			"## Configure",
			"### markdownlint.config",
			"### markdownlint.configFile",
			"### markdownlint.focusMode",
			"### markdownlint.run",
			"### markdownlint.severityForError",
			"### markdownlint.severityForWarning",
			"### markdownlint.customRules",
			"### markdownlint.lintWorkspaceGlobs",
			"## Suppress",
			"## Snippets",
			"## Security",
			"## History"
		]
	},
	"strong-style": {
		"style": "asterisk"
	},
	"table-column-style": {
		"style": "aligned"
	},
	"table-pipe-style": {
		"style": "leading_and_trailing"
	},
	"ul-style": {
		"style": "asterisk"
	}
}
